[{"inputs":[{"internalType":"address","name":"_initialBlockumVault","type":"address"},{"internalType":"address","name":"_fgolDistributionAddress","type":"address"}],"stateMutability":"nonpayable","type":"constructor"},{"inputs":[{"internalType":"address","name":"target","type":"address"}],"name":"AddressEmptyCode","type":"error"},{"inputs":[{"internalType":"address","name":"account","type":"address"}],"name":"AddressInsufficientBalance","type":"error"},{"inputs":[],"name":"FailedInnerCall","type":"error"},{"inputs":[{"internalType":"address","name":"owner","type":"address"}],"name":"OwnableInvalidOwner","type":"error"},{"inputs":[{"internalType":"address","name":"account","type":"address"}],"name":"OwnableUnauthorizedAccount","type":"error"},{"inputs":[{"internalType":"address","name":"token","type":"address"}],"name":"SafeERC20FailedOperation","type":"error"},{"anonymous":false,"inputs":[{"indexed":true,"internalType":"address","name":"approver","type":"address"}],"name":"ApproverAdded","type":"event"},{"anonymous":false,"inputs":[{"indexed":true,"internalType":"address","name":"approver","type":"address"}],"name":"ApproverRemoved","type":"event"},{"anonymous":false,"inputs":[{"indexed":true,"internalType":"address","name":"previousOwner","type":"address"},{"indexed":true,"internalType":"address","name":"newOwner","type":"address"}],"name":"OwnershipTransferred","type":"event"},{"anonymous":false,"inputs":[{"indexed":false,"internalType":"address","name":"account","type":"address"}],"name":"Paused","type":"event"},{"anonymous":false,"inputs":[{"indexed":true,"internalType":"uint256","name":"proposalId","type":"uint256"},{"indexed":true,"internalType":"address","name":"proposer","type":"address"},{"indexed":false,"internalType":"string","name":"sector","type":"string"},{"indexed":false,"internalType":"string","name":"description","type":"string"},{"indexed":false,"internalType":"uint256","name":"endTime","type":"uint256"}],"name":"ProposalCreated","type":"event"},{"anonymous":false,"inputs":[{"indexed":true,"internalType":"uint256","name":"proposalId","type":"uint256"}],"name":"ProposalFunded","type":"event"},{"anonymous":false,"inputs":[{"indexed":false,"internalType":"uint256","name":"proposalId","type":"uint256"},{"indexed":false,"internalType":"address","name":"removedBy","type":"address"}],"name":"ProposalRemoved","type":"event"},{"anonymous":false,"inputs":[{"indexed":true,"internalType":"uint256","name":"proposalId","type":"uint256"}],"name":"ProposalReviewed","type":"event"},{"anonymous":false,"inputs":[{"indexed":true,"internalType":"uint256","name":"proposalId","type":"uint256"}],"name":"QuorumNotMet","type":"event"},{"anonymous":false,"inputs":[{"indexed":false,"internalType":"address","name":"account","type":"address"}],"name":"Unpaused","type":"event"},{"anonymous":false,"inputs":[{"indexed":true,"internalType":"address","name":"vault","type":"address"}],"name":"VaultAdded","type":"event"},{"anonymous":false,"inputs":[{"indexed":true,"internalType":"address","name":"vault","type":"address"}],"name":"VaultRemoved","type":"event"},{"anonymous":false,"inputs":[{"indexed":true,"internalType":"uint256","name":"proposalId","type":"uint256"},{"indexed":true,"internalType":"address","name":"voter","type":"address"},{"indexed":false,"internalType":"bool","name":"support","type":"bool"},{"indexed":false,"internalType":"uint256","name":"weight","type":"uint256"}],"name":"Voted","type":"event"},{"inputs":[{"internalType":"address","name":"_approver","type":"address"}],"name":"addApprover","outputs":[],"stateMutability":"nonpayable","type":"function"},{"inputs":[{"internalType":"address","name":"_blockumVault","type":"address"}],"name":"addVault","outputs":[],"stateMutability":"nonpayable","type":"function"},{"inputs":[{"internalType":"uint256","name":"","type":"uint256"}],"name":"allVaults","outputs":[{"internalType":"address","name":"","type":"address"}],"stateMutability":"view","type":"function"},{"inputs":[{"internalType":"address","name":"","type":"address"}],"name":"approvers","outputs":[{"internalType":"bool","name":"","type":"bool"}],"stateMutability":"view","type":"function"},{"inputs":[{"internalType":"uint256","name":"_days","type":"uint256"},{"internalType":"uint256","name":"_hours","type":"uint256"},{"internalType":"uint256","name":"_minutes","type":"uint256"}],"name":"calculateEndTime","outputs":[{"internalType":"uint256","name":"","type":"uint256"}],"stateMutability":"view","type":"function"},{"inputs":[{"internalType":"string","name":"sector","type":"string"},{"internalType":"string","name":"title","type":"string"},{"internalType":"string","name":"description","type":"string"},{"internalType":"string","name":"presentationLink","type":"string"}],"name":"createProposal","outputs":[],"stateMutability":"nonpayable","type":"function"},{"inputs":[{"internalType":"uint256","name":"proposalId","type":"uint256"}],"name":"executeProposal","outputs":[],"stateMutability":"nonpayable","type":"function"},{"inputs":[],"name":"fgolDistribution","outputs":[{"internalType":"contract FGOLDistribution","name":"","type":"address"}],"stateMutability":"view","type":"function"},{"inputs":[{"internalType":"uint256","name":"proposalId","type":"uint256"}],"name":"getCapitalProgressForProposal","outputs":[{"internalType":"uint256","name":"","type":"uint256"}],"stateMutability":"view","type":"function"},{"inputs":[],"name":"getCurrentCapitalQuorum","outputs":[{"internalType":"uint256","name":"","type":"uint256"}],"stateMutability":"view","type":"function"},{"inputs":[],"name":"getCurrentMemberQuorum","outputs":[{"internalType":"uint256","name":"","type":"uint256"}],"stateMutability":"view","type":"function"},{"inputs":[{"internalType":"uint256","name":"proposalId","type":"uint256"}],"name":"getMemberProgressForProposal","outputs":[{"internalType":"uint256","name":"","type":"uint256"}],"stateMutability":"view","type":"function"},{"inputs":[],"name":"getTotalMemberCountInDAO","outputs":[{"internalType":"uint256","name":"","type":"uint256"}],"stateMutability":"view","type":"function"},{"inputs":[{"internalType":"uint256","name":"proposalId","type":"uint256"}],"name":"getTotalMembersVotedForProposal","outputs":[{"internalType":"uint256","name":"","type":"uint256"}],"stateMutability":"view","type":"function"},{"inputs":[],"name":"getTotalProposals","outputs":[{"internalType":"uint256","name":"","type":"uint256"}],"stateMutability":"view","type":"function"},{"inputs":[{"internalType":"address","name":"_member","type":"address"}],"name":"isMember","outputs":[{"internalType":"bool","name":"","type":"bool"}],"stateMutability":"view","type":"function"},{"inputs":[{"internalType":"uint256","name":"proposalId","type":"uint256"}],"name":"markProposalAsFunded","outputs":[],"stateMutability":"nonpayable","type":"function"},{"inputs":[{"internalType":"uint256","name":"proposalId","type":"uint256"}],"name":"markProposalForReview","outputs":[],"stateMutability":"nonpayable","type":"function"},{"inputs":[],"name":"minPercentOfCapitalForQuorum","outputs":[{"internalType":"uint256","name":"","type":"uint256"}],"stateMutability":"view","type":"function"},{"inputs":[],"name":"minPercentOfMembersForQuorum","outputs":[{"internalType":"uint256","name":"","type":"uint256"}],"stateMutability":"view","type":"function"},{"inputs":[],"name":"owner","outputs":[{"internalType":"address","name":"","type":"address"}],"stateMutability":"view","type":"function"},{"inputs":[],"name":"pause","outputs":[],"stateMutability":"nonpayable","type":"function"},{"inputs":[],"name":"paused","outputs":[{"internalType":"bool","name":"","type":"bool"}],"stateMutability":"view","type":"function"},{"inputs":[{"internalType":"uint256","name":"","type":"uint256"}],"name":"proposalDetails","outputs":[{"internalType":"address","name":"proposer","type":"address"},{"internalType":"string","name":"sector","type":"string"},{"internalType":"string","name":"title","type":"string"},{"internalType":"string","name":"description","type":"string"},{"internalType":"string","name":"presentationLink","type":"string"},{"internalType":"uint256","name":"endTime","type":"uint256"},{"internalType":"bool","name":"parametersSet","type":"bool"}],"stateMutability":"view","type":"function"},{"inputs":[{"internalType":"uint256","name":"","type":"uint256"}],"name":"proposalVotings","outputs":[{"internalType":"bool","name":"quorumMet","type":"bool"},{"internalType":"uint256","name":"forVotes","type":"uint256"},{"internalType":"uint256","name":"againstVotes","type":"uint256"},{"internalType":"bool","name":"underReview","type":"bool"},{"internalType":"bool","name":"executed","type":"bool"},{"internalType":"bool","name":"approved","type":"bool"},{"internalType":"bool","name":"funded","type":"bool"},{"internalType":"bool","name":"approvedByCommunity","type":"bool"}],"stateMutability":"view","type":"function"},{"inputs":[{"internalType":"address","name":"_approver","type":"address"}],"name":"removeApprover","outputs":[],"stateMutability":"nonpayable","type":"function"},{"inputs":[{"internalType":"uint256","name":"proposalId","type":"uint256"}],"name":"removeProposal","outputs":[],"stateMutability":"nonpayable","type":"function"},{"inputs":[{"internalType":"uint256","name":"_index","type":"uint256"}],"name":"removeVault","outputs":[],"stateMutability":"nonpayable","type":"function"},{"inputs":[],"name":"renounceOwnership","outputs":[],"stateMutability":"view","type":"function"},{"inputs":[{"internalType":"contract IERC20","name":"_token","type":"address"},{"internalType":"address","name":"_recipient","type":"address"}],"name":"rescueERC20","outputs":[],"stateMutability":"nonpayable","type":"function"},{"inputs":[],"name":"secretMessageHash","outputs":[{"internalType":"bytes32","name":"","type":"bytes32"}],"stateMutability":"view","type":"function"},{"inputs":[{"internalType":"address","name":"_fgolDistributionAddress","type":"address"}],"name":"setFGOLDistributionAddress","outputs":[],"stateMutability":"nonpayable","type":"function"},{"inputs":[{"internalType":"uint256","name":"_minPercent","type":"uint256"}],"name":"setMinPercentOfCapitalForQuorum","outputs":[],"stateMutability":"nonpayable","type":"function"},{"inputs":[{"internalType":"uint256","name":"_minPercent","type":"uint256"}],"name":"setMinPercentOfMembersForQuorum","outputs":[],"stateMutability":"nonpayable","type":"function"},{"inputs":[{"internalType":"uint256","name":"proposalId","type":"uint256"},{"internalType":"uint256","name":"_days","type":"uint256"},{"internalType":"uint256","name":"_hours","type":"uint256"},{"internalType":"uint256","name":"_minutes","type":"uint256"}],"name":"setVotingParametersForProposal","outputs":[],"stateMutability":"nonpayable","type":"function"},{"inputs":[],"name":"totalLPLockedInDAO","outputs":[{"internalType":"uint256","name":"","type":"uint256"}],"stateMutability":"view","type":"function"},{"inputs":[{"internalType":"address","name":"_member","type":"address"}],"name":"totalMemberBalance","outputs":[{"internalType":"uint256","name":"","type":"uint256"}],"stateMutability":"view","type":"function"},{"inputs":[{"internalType":"address","name":"newOwner","type":"address"}],"name":"transferOwnership","outputs":[],"stateMutability":"nonpayable","type":"function"},{"inputs":[{"internalType":"string","name":"_message","type":"string"},{"internalType":"uint8","name":"_v","type":"uint8"},{"internalType":"bytes32","name":"_r","type":"bytes32"},{"internalType":"bytes32","name":"_s","type":"bytes32"}],"name":"unpauseWithSignature","outputs":[],"stateMutability":"nonpayable","type":"function"},{"inputs":[{"internalType":"bytes32","name":"_newSecretMessageHash","type":"bytes32"}],"name":"updateSecretMessageHash","outputs":[],"stateMutability":"nonpayable","type":"function"},{"inputs":[{"internalType":"uint256","name":"proposalId","type":"uint256"},{"internalType":"bool","name":"support","type":"bool"}],"name":"vote","outputs":[],"stateMutability":"nonpayable","type":"function"},{"inputs":[{"internalType":"address","name":"","type":"address"},{"internalType":"uint256","name":"","type":"uint256"}],"name":"votes","outputs":[{"internalType":"bool","name":"","type":"bool"}],"stateMutability":"view","type":"function"}]