[{"inputs":[{"internalType":"contract IERC20","name":"_lpToken","type":"address"},{"internalType":"address","name":"_goldofirAddress","type":"address"},{"internalType":"address","name":"_blockumAddress","type":"address"},{"internalType":"address","name":"_whitelabelAddress","type":"address"}],"stateMutability":"nonpayable","type":"constructor"},{"inputs":[{"internalType":"address","name":"target","type":"address"}],"name":"AddressEmptyCode","type":"error"},{"inputs":[{"internalType":"address","name":"account","type":"address"}],"name":"AddressInsufficientBalance","type":"error"},{"inputs":[],"name":"FailedInnerCall","type":"error"},{"inputs":[{"internalType":"address","name":"owner","type":"address"}],"name":"OwnableInvalidOwner","type":"error"},{"inputs":[{"internalType":"address","name":"account","type":"address"}],"name":"OwnableUnauthorizedAccount","type":"error"},{"inputs":[{"internalType":"address","name":"token","type":"address"}],"name":"SafeERC20FailedOperation","type":"error"},{"anonymous":false,"inputs":[],"name":"AbnormalWithdrawalDetected","type":"event"},{"anonymous":false,"inputs":[{"indexed":true,"internalType":"address","name":"oldAddress","type":"address"},{"indexed":true,"internalType":"address","name":"newAddress","type":"address"}],"name":"BlockumAddressUpdated","type":"event"},{"anonymous":false,"inputs":[{"indexed":false,"internalType":"string","name":"reason","type":"string"}],"name":"ContractPausedDueToAbnormalWithdrawal","type":"event"},{"anonymous":false,"inputs":[{"indexed":false,"internalType":"string","name":"message","type":"string"}],"name":"DebugPauseEvent","type":"event"},{"anonymous":false,"inputs":[{"indexed":false,"internalType":"uint256","name":"goldofirPercent","type":"uint256"},{"indexed":false,"internalType":"uint256","name":"blockumPercent","type":"uint256"},{"indexed":false,"internalType":"uint256","name":"whitelabelPercent","type":"uint256"},{"indexed":false,"internalType":"uint256","name":"communityPercent","type":"uint256"}],"name":"DistributionPercentagesUpdated","type":"event"},{"anonymous":false,"inputs":[{"indexed":false,"internalType":"uint256","name":"oldFee","type":"uint256"},{"indexed":false,"internalType":"uint256","name":"newFee","type":"uint256"}],"name":"EarlyWithdrawalFeeUpdated","type":"event"},{"anonymous":false,"inputs":[{"indexed":true,"internalType":"address","name":"oldAddress","type":"address"},{"indexed":true,"internalType":"address","name":"newAddress","type":"address"}],"name":"GoldofirAddressUpdated","type":"event"},{"anonymous":false,"inputs":[{"indexed":true,"internalType":"address","name":"previousOwner","type":"address"},{"indexed":true,"internalType":"address","name":"newOwner","type":"address"}],"name":"OwnershipTransferred","type":"event"},{"anonymous":false,"inputs":[{"indexed":false,"internalType":"address","name":"account","type":"address"}],"name":"Paused","type":"event"},{"anonymous":false,"inputs":[{"indexed":false,"internalType":"address","name":"account","type":"address"}],"name":"Unpaused","type":"event"},{"anonymous":false,"inputs":[{"indexed":false,"internalType":"uint256","name":"oldCliff","type":"uint256"},{"indexed":false,"internalType":"uint256","name":"newCliff","type":"uint256"}],"name":"VestingCliffUpdated","type":"event"},{"anonymous":false,"inputs":[{"indexed":false,"internalType":"uint256","name":"oldDuration","type":"uint256"},{"indexed":false,"internalType":"uint256","name":"newDuration","type":"uint256"}],"name":"VestingDurationUpdated","type":"event"},{"anonymous":false,"inputs":[{"indexed":true,"internalType":"address","name":"oldAddress","type":"address"},{"indexed":true,"internalType":"address","name":"newAddress","type":"address"}],"name":"WhiteLabelAddressUpdated","type":"event"},{"anonymous":false,"inputs":[{"indexed":false,"internalType":"uint256","name":"maxValuePercent","type":"uint256"},{"indexed":false,"internalType":"uint256","name":"maxCountPercent","type":"uint256"},{"indexed":false,"internalType":"uint256","name":"timeValue","type":"uint256"},{"indexed":false,"internalType":"uint256","name":"timeInSeconds","type":"uint256"}],"name":"WithdrawalParametersUpdated","type":"event"},{"inputs":[],"name":"autoUnpauseDelayInSeconds","outputs":[{"internalType":"uint256","name":"","type":"uint256"}],"stateMutability":"view","type":"function"},{"inputs":[],"name":"autoUnpauseTime","outputs":[{"internalType":"uint256","name":"","type":"uint256"}],"stateMutability":"view","type":"function"},{"inputs":[],"name":"blockumAddress","outputs":[{"internalType":"address","name":"","type":"address"}],"stateMutability":"view","type":"function"},{"inputs":[],"name":"blockumPercentage","outputs":[{"internalType":"uint256","name":"","type":"uint256"}],"stateMutability":"view","type":"function"},{"inputs":[],"name":"communityPercentage","outputs":[{"internalType":"uint256","name":"","type":"uint256"}],"stateMutability":"view","type":"function"},{"inputs":[{"internalType":"uint256","name":"_amount","type":"uint256"}],"name":"deposit","outputs":[],"stateMutability":"nonpayable","type":"function"},{"inputs":[],"name":"earlyWithdrawalFee","outputs":[{"internalType":"uint256","name":"","type":"uint256"}],"stateMutability":"view","type":"function"},{"inputs":[{"internalType":"address","name":"_member","type":"address"}],"name":"getMemberBalance","outputs":[{"internalType":"uint256","name":"","type":"uint256"}],"stateMutability":"view","type":"function"},{"inputs":[],"name":"getMemberCount","outputs":[{"internalType":"uint256","name":"","type":"uint256"}],"stateMutability":"view","type":"function"},{"inputs":[{"internalType":"address","name":"_member","type":"address"}],"name":"getVestingTimeRemaining","outputs":[{"internalType":"uint256","name":"","type":"uint256"}],"stateMutability":"view","type":"function"},{"inputs":[],"name":"goldofirAddress","outputs":[{"internalType":"address","name":"","type":"address"}],"stateMutability":"view","type":"function"},{"inputs":[],"name":"goldofirPercentage","outputs":[{"internalType":"uint256","name":"","type":"uint256"}],"stateMutability":"view","type":"function"},{"inputs":[{"internalType":"address","name":"","type":"address"}],"name":"isMember","outputs":[{"internalType":"bool","name":"","type":"bool"}],"stateMutability":"view","type":"function"},{"inputs":[],"name":"lastWithdrawalResetTime","outputs":[{"internalType":"uint256","name":"","type":"uint256"}],"stateMutability":"view","type":"function"},{"inputs":[],"name":"lpToken","outputs":[{"internalType":"contract IERC20","name":"","type":"address"}],"stateMutability":"view","type":"function"},{"inputs":[],"name":"maxWithdrawalCountPercent","outputs":[{"internalType":"uint256","name":"","type":"uint256"}],"stateMutability":"view","type":"function"},{"inputs":[],"name":"maxWithdrawalPercent","outputs":[{"internalType":"uint256","name":"","type":"uint256"}],"stateMutability":"view","type":"function"},{"inputs":[{"internalType":"uint256","name":"","type":"uint256"}],"name":"memberAddresses","outputs":[{"internalType":"address","name":"","type":"address"}],"stateMutability":"view","type":"function"},{"inputs":[{"internalType":"address","name":"","type":"address"},{"internalType":"uint256","name":"","type":"uint256"}],"name":"memberDeposits","outputs":[{"internalType":"uint256","name":"amount","type":"uint256"},{"internalType":"uint256","name":"depositTime","type":"uint256"}],"stateMutability":"view","type":"function"},{"inputs":[],"name":"owner","outputs":[{"internalType":"address","name":"","type":"address"}],"stateMutability":"view","type":"function"},{"inputs":[],"name":"pause","outputs":[],"stateMutability":"nonpayable","type":"function"},{"inputs":[],"name":"paused","outputs":[{"internalType":"bool","name":"","type":"bool"}],"stateMutability":"view","type":"function"},{"inputs":[],"name":"renounceOwnership","outputs":[],"stateMutability":"view","type":"function"},{"inputs":[{"internalType":"contract IERC20","name":"_token","type":"address"},{"internalType":"address","name":"_recipient","type":"address"}],"name":"rescueERC20","outputs":[],"stateMutability":"nonpayable","type":"function"},{"inputs":[],"name":"secretMessageHash","outputs":[{"internalType":"bytes32","name":"","type":"bytes32"}],"stateMutability":"view","type":"function"},{"inputs":[{"internalType":"uint256","name":"_timeValue","type":"uint256"},{"internalType":"enum BlockumVault.TimeUnit","name":"unit","type":"uint8"}],"name":"setAutoUnpauseDelay","outputs":[],"stateMutability":"nonpayable","type":"function"},{"inputs":[{"internalType":"address","name":"_newAddress","type":"address"}],"name":"setBlockumAddress","outputs":[],"stateMutability":"nonpayable","type":"function"},{"inputs":[{"internalType":"uint256","name":"_newFee","type":"uint256"}],"name":"setEarlyWithdrawalFee","outputs":[],"stateMutability":"nonpayable","type":"function"},{"inputs":[{"internalType":"address","name":"_newAddress","type":"address"}],"name":"setGoldofirAddress","outputs":[],"stateMutability":"nonpayable","type":"function"},{"inputs":[{"internalType":"uint256","name":"value","type":"uint256"},{"internalType":"enum BlockumVault.TimeUnit","name":"unit","type":"uint8"}],"name":"setVestingCliff","outputs":[],"stateMutability":"nonpayable","type":"function"},{"inputs":[{"internalType":"uint256","name":"value","type":"uint256"},{"internalType":"enum BlockumVault.TimeUnit","name":"unit","type":"uint8"}],"name":"setVestingDuration","outputs":[],"stateMutability":"nonpayable","type":"function"},{"inputs":[{"internalType":"address","name":"_newAddress","type":"address"}],"name":"setWhiteLabelAddress","outputs":[],"stateMutability":"nonpayable","type":"function"},{"inputs":[],"name":"totalLPLocked","outputs":[{"internalType":"uint256","name":"","type":"uint256"}],"stateMutability":"view","type":"function"},{"inputs":[],"name":"totalWithdrawnInPeriod","outputs":[{"internalType":"uint256","name":"","type":"uint256"}],"stateMutability":"view","type":"function"},{"inputs":[{"internalType":"address","name":"newOwner","type":"address"}],"name":"transferOwnership","outputs":[],"stateMutability":"nonpayable","type":"function"},{"inputs":[{"internalType":"string","name":"_message","type":"string"},{"internalType":"uint8","name":"_v","type":"uint8"},{"internalType":"bytes32","name":"_r","type":"bytes32"},{"internalType":"bytes32","name":"_s","type":"bytes32"}],"name":"unpauseWithSignature","outputs":[],"stateMutability":"nonpayable","type":"function"},{"inputs":[{"internalType":"uint256","name":"_goldofirPercent","type":"uint256"},{"internalType":"uint256","name":"_blockumPercent","type":"uint256"},{"internalType":"uint256","name":"_whitelabelPercent","type":"uint256"},{"internalType":"uint256","name":"_communityPercent","type":"uint256"}],"name":"updateDistributionPercentages","outputs":[],"stateMutability":"nonpayable","type":"function"},{"inputs":[{"internalType":"bytes32","name":"_newSecretMessageHash","type":"bytes32"}],"name":"updateSecretMessageHash","outputs":[],"stateMutability":"nonpayable","type":"function"},{"inputs":[{"internalType":"uint256","name":"_maxValuePercent","type":"uint256"},{"internalType":"uint256","name":"_maxCountPercent","type":"uint256"},{"internalType":"uint256","name":"_timeValue","type":"uint256"},{"internalType":"enum BlockumVault.TimeUnit","name":"unit","type":"uint8"}],"name":"updateWithdrawalParameters","outputs":[],"stateMutability":"nonpayable","type":"function"},{"inputs":[],"name":"vestingCliff","outputs":[{"internalType":"uint256","name":"","type":"uint256"}],"stateMutability":"view","type":"function"},{"inputs":[],"name":"vestingDuration","outputs":[{"internalType":"uint256","name":"","type":"uint256"}],"stateMutability":"view","type":"function"},{"inputs":[],"name":"whitelabelAddress","outputs":[{"internalType":"address","name":"","type":"address"}],"stateMutability":"view","type":"function"},{"inputs":[],"name":"whitelabelPercentage","outputs":[{"internalType":"uint256","name":"","type":"uint256"}],"stateMutability":"view","type":"function"},{"inputs":[{"internalType":"uint256","name":"_amount","type":"uint256"}],"name":"withdraw","outputs":[],"stateMutability":"nonpayable","type":"function"},{"inputs":[],"name":"withdrawalCount","outputs":[{"internalType":"uint256","name":"","type":"uint256"}],"stateMutability":"view","type":"function"},{"inputs":[],"name":"withdrawalPeriodInSeconds","outputs":[{"internalType":"uint256","name":"","type":"uint256"}],"stateMutability":"view","type":"function"}]